Labels,URLs,Domain,URL_Length,Domain_L ength,URL_depth,URL_atSymbol,URL_IP,URL_HTTPS,URL_DomainHTTP,URL_RedirectPosition,URL_HyphenInDomain,URL_DotsNo,URL_NonASCHII,URL_Digits,HTMLJS_Features
1,http://dbs.vote-friend.com/sg?ref=anything,dbs.vote-friend.com,0,1,0,0,0,1,0,1,1,-1,0,0,0
0,https://www.reynoldstransfer.com/versa-lift-fork-truck/,reynoldstransfer.com,-1,1,-1,0,0,0,0,0,0,0,0,0,1
1,https://www.halisupportservice.com/Login.php,halisupportservice.com,0,1,0,0,0,0,0,0,0,0,0,0,0
0,https://www.signets.com.br/wp-includes/wlwmanifest.xml,signets.com.br,-1,-1,-1,0,0,0,0,0,0,-1,0,0,0
1,https://docs.google.com/document/d/e/2PACX-1vTS9czxqyCsGi-QUifs7m1MqJZMLCjLcCNhW3DsaHdss5ymnPy6y0VSGwvF3pIu6js22Ydjyew1OyO_/pub?embedded=true,docs.google.com,1,-1,1,0,0,0,0,0,0,-1,0,1,0
0,https://www.iwestco.com/virtual-consult/,iwestco.com,0,0,-1,0,0,0,0,0,0,0,0,0,1
1,https://is.gd/N19JOz,is.gd,0,1,0,0,0,0,0,0,0,0,0,0,0
1,https://httpsservices.runescape.com-ov.ru/,httpsservices.runescape.com-ov.ru,0,1,0,0,0,0,1,0,1,1,0,0,0
1,https://viandjo.com/website/membership/service/billing.php?SessionID-xb=NL.=.3754672._.4d1d7fa8d72fb5318fdf3baed95a10e7.=.Netherlands,viandjo.com,1,0,1,0,0,0,0,0,0,0,0,1,0
0,https://www.millect.com/Plans/tabid/76/Default.aspx,millect.com,-1,0,1,0,0,0,0,0,0,0,0,0,0
0,https://www.sttas.com/,sttas.com,0,0,0,0,0,0,0,0,0,0,0,0,0
1,https://facebookcase1477777.web.app/appeal.html,facebookcase1477777.web.app,0,1,0,0,0,0,0,0,0,-1,0,1,0
0,https://www.cytranet.com/category/blog/index.html,cytranet.com,-1,0,1,0,0,0,0,0,0,0,0,0,0
1,https://oximedica.com/wp-includes/imgs/att.php,oximedica.com,0,-1,1,0,0,0,0,0,0,0,0,0,0
1,http://myetherwallets.kr/wallet,myetherwallets.kr,0,-1,0,0,0,1,0,1,0,0,0,0,0
0,https://pervouralsk.interra.ru/,pervouralsk.interra.ru,0,1,0,0,0,0,0,0,0,-1,0,0,1
1,https://06ac1c2f55d2f5e45de07cd8f199a561-dot-gle9392420309493993.rj.r.appspot.com/,06ac1c2f55d2f5e45de07cd8f199a561-dot-gle9392420309493993.rj.r.appspot.com,1,1,0,0,0,0,0,0,1,1,0,1,0
0,https://www.bright-group.ru/team/,bright-group.ru,0,-1,-1,0,0,0,0,0,1,0,0,0,1
1,http://secure285.inmotionhosting.com/~opendo31/monescpace/lcl/request.html,secure285.inmotionhosting.com,1,1,1,0,0,1,0,1,0,-1,0,1,0
0,https://www.copyright.com/,copyright.com,0,-1,0,0,0,0,0,0,0,0,0,0,1
0,https://www.inner-calm.co.uk/,inner-calm.co.uk,0,-1,0,0,0,0,0,0,1,-1,0,0,1
1,https://linktr.ee/Midasbuyvip,linktr.ee,0,0,0,0,0,0,0,0,0,0,0,0,1
1,http://abbeyroadmoron.com/fonts/Covid-19/ali1/ali/login.php,abbeyroadmoron.com,-1,-1,1,0,0,1,0,1,0,0,0,-1,0
0,https://www.organicgourmetbcn.com/,organicgourmetbcn.com,0,1,0,0,0,0,0,0,0,0,0,0,1
0,https://www.three-f.co.jp/contact/,three-f.co.jp,0,-1,-1,0,0,0,0,0,1,-1,0,0,1
0,https://www.keramidaslaw.com/auto-insurance-defense-lawyer/,keramidaslaw.com,-1,-1,-1,0,0,0,0,0,0,0,0,0,0
1,https://olx.bolxgift.online,,0,-1,0,0,0,0,0,0,0,-1,0,0,0
0,https://www.hitachi.com/New/cnews/index.html,hitachi.com,0,0,1,0,0,0,0,0,0,0,0,0,1
0,https://www.epcollab.org/,epcollab.org,0,0,0,0,0,0,0,0,0,0,0,0,0
0,https://www.spokanecounty.org/9/How-Do-I,spokanecounty.org,0,-1,-1,0,0,0,0,0,0,0,0,0,0
1,http://jwrmdctbhstpklcdvbfgznhkii-dot-gle39404049.rj.r.appspot.com/,jwrmdctbhstpklcdvbfgznhkii-dot-gle39404049.rj.r.appspot.com,1,1,0,0,0,1,0,1,1,1,0,1,0
1,https://www.trilife.space/com/images/secure/online/fulls.php,trilife.space,-1,-1,1,0,0,0,0,0,0,0,0,0,0
1,https://ezreadtampcraez.com/jp/aol.html?email=jdoe1@emailhost.c,ezreadtampcraez.com,1,1,-1,1,0,0,0,0,0,0,0,0,0
1,https://bit.ly/2R7AugZ,bit.ly,0,1,0,0,0,0,0,0,0,0,0,0,0
0,https://www.vgsi.com/taxpayer-info/,vgsi.com,0,0,-1,0,0,0,0,0,0,0,0,0,0
0,https://www.devastudios.com/work,devastudios.com,0,-1,0,0,0,0,0,0,0,0,0,0,1
0,https://www.factoryautomation.com/cpanel,factoryautomation.com,0,1,0,0,0,0,0,0,0,0,0,0,1
1,https://olx.pl-savedpay.xyz/delivery/351502756,olx.pl-savedpay.xyz,0,1,-1,0,0,0,0,0,1,-1,0,1,0
1,http://grandmarketltd.co.uk/wp-includes/inozfoZ/noande/paypal/59c0d7ceb90328d92e80f4e1f3646b99/view/surf2.php,grandmarketltd.co.uk,1,1,1,0,0,1,0,1,0,-1,0,1,0
0,https://www.audiblemagic.com/article-17/,audiblemagic.com,0,-1,-1,0,0,0,0,0,0,0,0,0,0
1,https://uniswap.walletsconnectors.com/swap.html#/swap,uniswap.walletsconnectors.com,-1,1,-1,0,0,0,0,0,0,-1,0,0,0
1,https://odumzat.cn/pc/MUFG_pcselectcard.html,odumzat.cn,0,0,-1,0,0,0,0,0,0,0,0,0,0
1,http://cambodiatraining.com/redirect/,cambodiatraining.com,0,1,-1,0,0,1,0,1,0,0,0,0,0
1,https://www.recipient-authorisation-secure.com/Login.php,recipient-authorisation-secure.com,-1,1,0,0,0,0,0,0,1,0,0,0,0
0,https://www.parksjones.com/educational-videos/,parksjones.com,0,-1,-1,0,0,0,0,0,0,0,0,0,0
1,https://drive.google.com/file/d/1ik3UxH3RDigwAr7D269WVkoWp17Cci1n/edit,drive.google.com,1,-1,1,0,0,0,0,0,0,-1,0,1,0
1,http://kinstationery.com/4tr/login.php?ul=_LkeFUq_VJOXRTIPtoGYDw17dsfsfd18&fid.18InboxLight.aspxn.1774256418&fid.1r245964252813InboxLight94552_Product-email&email=nobody@mycraftmail.com,kinstationery.com,1,-1,-1,1,0,1,0,1,0,0,0,1,0
1,https://services.oldschool.com-12.ru/m=forum/forums.ws4877492211802836667223,services.oldschool.com-12.ru,1,1,-1,0,0,0,0,0,1,1,0,1,0
0,https://www.sjoukedijkstra.nl/infra/straatwerk,sjoukedijkstra.nl,0,-1,-1,0,0,0,0,0,0,0,0,0,0
0,https://www.therapie-weidenhof.at/de/aktuelles/,therapie-weidenhof.at,0,1,1,0,0,0,0,0,1,0,0,0,1
1,https://www.isamayy.com/oro/,isamayy.com,0,0,-1,0,0,0,0,0,0,0,0,0,0
0,https://www.southerncef.org/html/promotional_materials.html,southerncef.org,-1,-1,-1,0,0,0,0,0,0,0,0,0,1
1,http://ckkfecwxlhzlisryjywxsjdpsp-dot-gle39404049.rj.r.appspot.com/,ckkfecwxlhzlisryjywxsjdpsp-dot-gle39404049.rj.r.appspot.com,1,1,0,0,0,1,0,1,1,1,0,1,0
0,https://www.megamidia.com.br/live-content/,megamidia.com.br,0,-1,-1,0,0,0,0,0,0,-1,0,0,1
1,https://bit.ly/2TcKWEr,bit.ly,0,1,0,0,0,0,0,0,0,0,0,0,0
1,https://koshiki-roguinamazn.myvnc.com/L5sMnlT,koshiki-roguinamazn.myvnc.com,0,1,0,0,0,0,0,0,1,-1,0,0,0
0,https://cms.tournet.com/Vendor_subscriptions/Subscriptions.html,cms.tournet.com,1,-1,-1,0,0,0,0,0,0,-1,0,0,0
1,http://banking.sparkasse.de-id1897ajjes9021ucnds2130213454345b0juah104zb1092uhda.xyz/spkk/,banking.sparkasse.de-id1897ajjes9021ucnds2130213454345b0juah104zb1092uhda.xyz,1,1,-1,0,0,1,0,1,1,1,0,1,0
0,https://www.vptrend.cz/kategorie_vyplni/020-klasicke/,vptrend.cz,-1,0,1,0,0,0,0,0,0,0,0,-1,1
0,https://gruppovis.it/landing-page/ford-kuga-plug-in-hybrid/,gruppovis.it,-1,0,1,0,0,0,0,0,0,0,0,0,0
1,https://clouddoc-authorize.firebaseapp.com/...xxx........./......,clouddoc-authorize.firebaseapp.com,1,1,-1,0,0,0,0,0,1,-1,0,0,1
1,http://demo.bradescocontrol.vertitecnologia.com.br/usuarios/sign_in,demo.bradescocontrol.vertitecnologia.com.br,1,1,-1,0,0,1,0,1,0,1,0,0,1
0,https://www.jetair.co.uk/aircraft-charter/oil-gas-marine/crew-rotation-charters,jetair.co.uk,1,0,1,0,0,0,0,0,0,-1,0,0,1
1,https://ip-72-167-35-191.ip.secureserver.net/SWISS/b1fcf79f9e74cf0d040b2192800da433/,ip-72-167-35-191.ip.secureserver.net,1,1,1,0,0,0,0,0,1,1,0,1,0
1,http://vetec-eu.net/bper/proces.php,vetec-eu.net,0,0,-1,0,0,1,0,1,1,0,0,0,0
1,https://switch.com.kw/.kw/,switch.com.kw,0,-1,-1,0,0,0,0,0,0,-1,0,0,1
1,https://olx.pl.oferta-payment.works/get/?id=47321339,olx.pl.oferta-payment.works,-1,1,-1,0,0,0,0,0,1,1,0,1,0
1,http://ht.ly/dBqF30qSyYt,ht.ly,0,1,0,0,0,1,0,1,0,0,0,0,1
1,https://whitefordkenworth-my.sharepoint.com/personal/bwalters_lglk_com/_layouts/15/Doc.aspx?sourcedoc={1d96cb1e-0031-41b8-8774-24bb2f7c4caa}&amp;action=default&amp;slrid=9ebb659f-7054-a000-b19b-7cb962889fc8&amp;originalPath=aHR0cHM6Ly93aGl0ZWZvcmRrZW53b3J0aC1teS5zaGFyZXBvaW50LmNvbS86bzovZy9wZXJzb25hbC9id2FsdGVyc19sZ2xrX2NvbS9FaDdMbGgweEFMaEJoM1FrdXk5OFRLb0JPN09POGhoXzd0dFZFcW56WWR1YkNBP3J0aW1lPVN3cWtEVjhuMkVn&amp;cid=2ae6d679-a1b4-4b0f-a76a-46e32d437c42,whitefordkenworth-my.sharepoint.com,1,1,1,0,0,0,0,0,1,-1,0,1,0
0,https://www.jillyclark.com/background.html,jillyclark.com,0,-1,0,0,0,0,0,0,0,0,0,0,1
1,http://email302.com/l/5fc15ea15e66c082e33c48babd5a8ff601a799e6/[email?????????????????????????????????????????????????????????????????protected]tageapp.com/-/www.paypal.com/cgi-bin/,email302.com,1,0,1,0,0,1,0,1,0,0,0,1,0
1,http://www.formbuddy.com/cgi-bin/formdisp.pl?u=Twice&amp;f=LLM,formbuddy.com,1,-1,-1,0,0,1,0,1,0,0,0,0,1
0,https://www.portofbrownsville.com/about/harbor-master-office/,portofbrownsville.com,1,1,1,0,0,0,0,0,0,0,0,0,1
1,https://buildingcorp.com.au/wp-admin/ty/,buildingcorp.com.au,0,1,1,0,0,0,0,0,0,-1,0,0,0
1,https://www.onlineservicefree.club/landingpage/dd263864-38a2-466a-be2f-4e5ec6c5e042/-2TxMqcOA-OhcCJ61bO8_oiYnK4c3EHuOvQ-HFC6T5E,onlineservicefree.club,1,1,1,0,0,0,0,0,0,0,0,1,1
0,https://www.anvitrade.cz/images/fb.svg,anvitrade.cz,0,0,-1,0,0,0,0,0,0,0,0,0,0
0,https://www.cabreraauto.com/new-cadillac-xt6-arecibo-pr,cabreraauto.com,-1,-1,0,0,0,0,0,0,0,0,0,0,1
0,http://cooperwalinski.com/2021/01/22/3-types-of-fitness-programs-for-patients-with-severe-lower-limb-arthritis/,cooperwalinski.com,1,-1,1,0,0,1,0,1,0,0,0,1,0
1,https://olx.pl-getpost.work/confirmation/payout/650927241,olx.pl-getpost.work,-1,1,1,0,0,0,0,0,1,-1,0,1,0
0,https://www.gyropalacemerrick.com/assets/favicon/safari-pinned-tab-c09e97d664f82a07a74ebf57eb221d2d1fbf46a3d53345d334f06825f9349d2f.svg,gyropalacemerrick.com,1,1,1,0,0,0,0,0,0,0,0,1,1
1,https://signinlogin007.wixsite.com/my-site,signinlogin007.wixsite.com,0,1,0,0,0,0,0,0,0,-1,0,-1,0
0,https://www.airsprung-group.co.uk/,airsprung-group.co.uk,0,1,0,0,0,0,0,0,1,-1,0,0,1
0,https://www.akvalis.com/services/sajtfon/,akvalis.com,0,0,1,0,0,0,0,0,0,0,0,0,0
1,https://info-dati-riepilogo.000webhostapp.com/,info-dati-riepilogo.000webhostapp.com,0,1,0,0,0,0,0,0,1,-1,0,-1,0
1,http://update.amazon.shopppy.xyz/mobile/homepage/,update.amazon.shopppy.xyz,-1,1,1,0,0,1,0,1,0,1,0,0,0
0,https://www.capdrill.com/services/exploration-drilling,capdrill.com,-1,0,-1,0,0,0,0,0,0,0,0,0,1
1,http://dhi.it/tlajiqfe/ygffbfbq.html?mejlnyzcabb.php?qme2,dhi.it,-1,1,-1,0,0,1,0,1,0,0,0,0,0
0,https://www.wcloudus.com/about-white-cloud.html,wcloudus.com,0,0,0,0,0,0,0,0,0,0,0,0,1
1,http://timeline-1242785355.surfshop.ma/connect.html,timeline-1242785355.surfshop.ma,-1,1,0,0,0,1,0,1,1,-1,0,1,0
0,https://www.oade.com/Tapers_Section/faq-mic.html,oade.com,0,0,-1,0,0,0,0,0,0,0,0,0,1
0,https://www.sapphirek12.com/software/learning-management-system/,sapphirek12.com,1,-1,1,0,0,0,0,0,0,0,0,0,0
1,http://globalskillspark.com/put//alldomain/alldomain/index.php?email=a@b.com,globalskillspark.com,1,1,1,1,0,1,0,1,0,0,0,0,1
0,https://www.philipwilliams.co.uk/Home,philipwilliams.co.uk,0,1,0,0,0,0,0,0,0,-1,0,0,1
0,https://www.msctrustgate.com/IDCenter.php,msctrustgate.com,0,-1,0,0,0,0,0,0,0,0,0,0,1
0,https://www.gamma-service.it/news/,gamma-service.it,0,-1,-1,0,0,0,0,0,1,0,0,0,1
1,https://situs-pemulihan05.webnode.com/,situs-pemulihan05.webnode.com,0,1,0,0,0,0,0,0,1,-1,0,0,0
0,https://www.afxindustries.com/,afxindustries.com,0,-1,0,0,0,0,0,0,0,0,0,0,1
0,https://www.proclinical.com/about-proclinical,proclinical.com,0,-1,0,0,0,0,0,0,0,0,0,0,1
1,http://www.psmkreditsyari.com/wp-content/plugins/js_composer/include/templates/shortcodes/web/home/,psmkreditsyari.com,1,-1,1,0,0,1,0,1,0,0,0,0,0
0,https://www.ilandcloud.com/services/locations/,ilandcloud.com,0,-1,1,0,0,0,0,0,0,0,0,0,0
0,https://www.chardonnay.com/public-charters/champagne-brunch-charter/,chardonnay.com,1,-1,1,0,0,0,0,0,0,0,0,0,0
1,https://rotanterproclanic.live/wingdoughtmanter/mazon/fdefa,rotanterproclanic.live,-1,1,1,0,0,0,0,0,0,0,0,0,0
0,https://www.ldd.ca/real-estate,ldd.ca,0,1,0,0,0,0,0,0,0,0,0,0,1
1,https://versementpos.ddns.net/x 00 x/315c0/,versementpos.ddns.net,0,1,1,0,0,0,0,0,0,-1,0,1,0
1,http://amazon.jp.abaiinsurance.cn/,amazon.jp.abaiinsurance.cn,0,1,0,0,0,1,0,1,0,1,0,0,1
1,https://loghomesnetwork.com/general/www.breeid.fr-pointcheck.secre.region-departement/d738b/index.php,loghomesnetwork.com,1,1,1,0,0,0,0,0,0,0,0,-1,0
0,https://www.paragonsports.com/products/radical-mp-graphene-360,paragonsports.com,1,-1,-1,0,0,0,0,0,0,0,0,-1,0
1,https://fbtimeline-zs960e8oa.villalarnia.org/connect.html?timelimit=4365890f71b29bf94b7fbba8bf7f9cf2,fbtimeline-zs960e8oa.villalarnia.org,1,1,0,0,0,0,0,0,1,-1,0,1,0
0,https://www.fux-eg.org/kontakt/,fux-eg.org,0,0,-1,0,0,0,0,0,1,0,0,0,1
1,https://globert.be/labanqueposale-login-secure/8cc5c/,globert.be,-1,0,1,0,0,0,0,0,0,0,0,0,0
1,https://gajanandvalves.com/.nabau/nab/login.php?,gajanandvalves.com,0,-1,1,0,0,0,0,0,0,0,0,0,0
1,https://olx.pl.reg-bertu.pw/cash92215284,olx.pl.reg-bertu.pw,0,1,0,0,0,0,0,0,1,1,0,1,0
1,https://online.personalbanking.newappaccess-review.link/Login.php,online.personalbanking.newappaccess-review.link,1,1,0,0,0,0,0,0,1,1,0,0,0
0,https://www.readysetauction.com/policies/privacy-security/,readysetauction.com,-1,1,1,0,0,0,0,0,0,0,0,0,1
1,https://docsharex-authorize.firebaseapp.com/common,docsharex-authorize.firebaseapp.com,-1,1,0,0,0,0,0,0,1,-1,0,0,1
1,https://webmaillapostemail.wixsite.com/my-site,webmaillapostemail.wixsite.com,0,1,0,0,0,0,0,0,0,-1,0,0,0
0,https://www.aegisliving.com/services/memory-care/,aegisliving.com,-1,-1,1,0,0,0,0,0,0,0,0,0,1
1,https://lacie_killin.gitlab.io/jnxcjkxnvkjcxvhfbdn-cxrvfd/4588.html,lacie_killin.gitlab.io,1,1,-1,0,0,0,0,0,0,-1,0,-1,0
0,https://www.portopia.co.jp/convention/,portopia.co.jp,0,-1,-1,0,0,0,0,0,0,-1,0,0,1
0,https://www.ciktrb.ru/projects/28/,ciktrb.ru,0,0,1,0,0,0,0,0,0,0,0,0,0
1,https://yonoauctionmarttz.com/error/,yonoauctionmarttz.com,0,1,-1,0,0,0,0,0,0,0,0,0,1
1,http://51jianli.cn/images?http:/us.battle.net/login/en?ref=http:/xyvrmzdus.battle.net/d3/en/index,51jianli.cn,1,0,1,0,0,1,0,1,0,0,0,-1,0
1,https://rakuten.email-styleup.com/l,rakuten.email-styleup.com,0,1,0,0,0,0,0,0,1,-1,0,0,0
1,http://bicicentroslezama.com/EJERCICIO/2050X/myaccount_done.htm,bicicentroslezama.com,1,1,1,0,0,1,0,1,0,0,0,-1,0
0,https://www.4129.net/higashiyama/menu,4129.net,0,0,-1,0,0,0,0,0,0,0,0,-1,1
0,https://medicaldatamgt.com/services.aspx,medicaldatamgt.com,0,-1,0,0,0,0,0,0,0,0,0,0,1
0,https://www.alfa.com.mx/RI/presentaciones.htm,alfa.com.mx,0,0,-1,0,0,0,0,0,0,-1,0,0,0
0,https://crespeldeitersgroup.com/de/feed/,crespeldeitersgroup.com,0,1,1,0,0,0,0,0,0,0,0,0,1
1,https://solvelarge.com/OneDrive/latest-onedrive/,solvelarge.com,0,-1,1,0,0,0,0,0,0,0,0,0,0
1,http://marketvit.by/wp-content/languages/cyberstore/webaccess/6cebb2fe1387e91096dedca2dd7625cd/,marketvit.by,1,0,1,0,0,1,0,1,0,0,0,1,0
0,https://www.gmfcapital.com/site/templates/assets/img/icons/manifest.json,gmfcapital.com,1,-1,1,0,0,0,0,0,0,0,0,0,0
0,https://www.pumori.ru/factory/,pumori.ru,0,0,-1,0,0,0,0,0,0,0,0,0,1
0,https://www.keybase.com/index.php/contact-us/ask-a-question,keybase.com,-1,0,1,0,0,0,0,0,0,0,0,0,1
0,https://www.dagrofa-logistik.dk/om-os/historie/,dagrofa-logistik.dk,0,1,1,0,0,0,0,0,1,0,0,0,1
1,http://s.alchemer.com/s3/2023-device-protection#richard@legalshield.com,s.alchemer.com,1,-1,-1,1,0,1,0,1,0,-1,0,1,0
0,https://www.drrich.net/airplay-chart/,drrich.net,0,0,-1,0,0,0,0,0,0,0,0,0,0
1,https://clouddoc-authorize.firebaseapp.com/...xxx.........,clouddoc-authorize.firebaseapp.com,-1,1,0,0,0,0,0,0,1,-1,0,0,1
0,https://www.kuhnen-wacker.com/,kuhnen-wacker.com,0,-1,0,0,0,0,0,0,1,0,0,0,1
0,https://www.uni-techno.co.jp/activity.html,uni-techno.co.jp,0,-1,0,0,0,0,0,0,1,-1,0,0,1
0,https://www.artvision.com.gr/blog/services/video-gia-xrisi-sto-diadiktuo/,artvision.com.gr,1,-1,1,0,0,0,0,0,0,-1,0,0,0
1,http://sumairakhanray.org/fe900,sumairakhanray.org,0,-1,0,0,0,1,0,1,0,0,0,-1,0
0,https://www.espinozatreeservice.net/contact,espinozatreeservice.net,0,1,0,0,0,0,0,0,0,0,0,0,1
1,http://interactive.uk.net/homes/DROPBOX/DROPBOX/dbox (2)/vinc,interactive.uk.net,1,-1,1,0,0,1,0,1,0,-1,0,0,0
0,https://www.libra.com.mx/PuntodeVenta,libra.com.mx,0,0,0,0,0,0,0,0,0,-1,0,0,1
1,http://new.aya1.go.th/pic/message/-/https/Documento-N8121002/cuenta/clients/cc.php?verification,new.aya1.go.th,1,-1,1,0,0,1,0,1,0,1,0,1,0
1,https://552204.selcdn.ru/irninsde/iron4iton.html,552204.selcdn.ru,0,-1,-1,0,0,0,0,0,0,-1,0,1,0
0,https://www.allinteractive.com.au/facilities/,allinteractive.com.au,0,1,-1,0,0,0,0,0,0,-1,0,0,1
1,http://clamfreenewold.duckdns.org/,clamfreenewold.duckdns.org,0,1,0,0,0,1,0,1,0,-1,0,0,1
0,https://www.csgm.si/delavci-oe-ze/,csgm.si,0,0,-1,0,0,0,0,0,0,0,0,0,1
0,https://www.gosmallbiz.com/,gosmallbiz.com,0,-1,0,0,0,0,0,0,0,0,0,0,1
1,http://ww2.activartusoperacionesenlinea.zonasegurabeta.com.pe.vegam.co,,1,-1,0,0,0,1,0,1,0,-1,0,0,1
1,https://olx.pl.pay-myitem.pw/unlock20176595,olx.pl.pay-myitem.pw,0,1,0,0,0,0,0,0,1,1,0,1,0
1,https://vodafone.paying-accounts.com/account/index?a=2,vodafone.paying-accounts.com,-1,1,-1,0,0,0,0,0,1,-1,0,0,0
1,https://amazonjapanapprove.ml/mobile,amazonjapanapprove.ml,0,1,0,0,0,0,0,0,0,0,0,0,0
0,https://www.sterncassello.com/links.html,sterncassello.com,0,-1,0,0,0,0,0,0,0,0,0,0,0
0,https://www.datacomsystems.com/solutions-for-manufacturing/,datacomsystems.com,-1,-1,-1,0,0,0,0,0,0,0,0,0,0
1,https://www.sharestion.com/eur/login?id=aVJjQlJ3c3V1VDRiSFNGL2JqM05paVl6RXJPMEJ1WXpRejk1Q3NBSENUS3ZURnFROEJ3R29ETzA1VmxNbHIwVFFTS0tJK2JXd0JGTFh5ck44Z2pRVHo5Rk1RSysrSnhxaEI4R2JlL3JLL2tMNVhYMXVvQTJ3UjF4ZjU5b2NOWnQ4dVVOdjVSWGJPcEFvdGw5MDFBZmRPeGJUa295eWNYWm5aQzFtTHlPMmFSZmdrVHNyeThibVhMK2JUc0ZyRnFTTlpheENLQkR4OSs3cXNYUjEzUHFuSFc2N0pKUEtRdElzUDZYQ1RkbEJDRHRRNXJPTUU4MVBTMjdPV1NlU0dsdXN3WmhzaTRJVkdpTms1d0I4SVB2c2x6b1l1ZCtBQnB1Y3RXaDhZUnF2YUdXNXhyNEd0QlRsVTRmcHZtdDh0ZzE,sharestion.com,1,-1,-1,0,0,0,0,0,0,0,0,1,0
0,https://www.cosentinos.com/our-story,cosentinos.com,0,-1,0,0,0,0,0,0,0,0,0,0,1
1,http://174.138.36.47/banks/ATB/confirm.html,174.138.36.47,0,-1,1,0,0,1,0,1,0,1,0,1,0
0,https://www.milehichurch.org/watch/,milehichurch.org,0,-1,-1,0,0,0,0,0,0,0,0,0,1
0,https://www.chubu-gu.ac.jp/,chubu-gu.ac.jp,0,-1,0,0,0,0,0,0,1,-1,0,0,1
1,http://pxonydy.ml/pay/checkout,pxonydy.ml,0,0,-1,0,0,1,0,1,0,0,0,0,0
1,http://coinly.cz/mkbbssl/54b595ca4a68517eb4767adfd6b2fe1f/,coinly.cz,-1,0,1,0,0,1,0,1,0,0,0,1,0
1,https://main.d3m1onvz6klva1.amplifyapp.com/index.html#jeffsearson@prepaidlegal.com,main.d3m1onvz6klva1.amplifyapp.com,1,1,0,1,0,0,0,0,0,1,0,-1,0
0,https://www.neuromics.com/,neuromics.com,0,-1,0,0,0,0,0,0,0,0,0,0,1
0,https://res.cloudinary.com/iconcdn/image/upload/q_auto/nordictrack.com/cdn/images/icons/icn_cart.svg,res.cloudinary.com,1,-1,1,0,0,0,0,0,0,-1,0,0,1
1,https://54-224-205-117.cprapid.com/img/,54-224-205-117.cprapid.com,0,1,-1,0,0,0,0,0,1,-1,0,1,0
0,https://www.identigraphix.com/services/variable-data.html,identigraphix.com,-1,-1,-1,0,0,0,0,0,0,0,0,0,1
0,https://www.ktng.com/vision,ktng.com,0,0,0,0,0,0,0,0,0,0,0,0,1
1,https://oliverconstructionmt.com/804c17b7243b6eb72528c87374b8faa3/verify.php?country_x=-&amp;ACCT_x=ID-PPL=PA324191.96.83.244=ScrPg=69a80b02e3fd6e11b47fa1c507ac1c7eb22f1933e618b349961b64843a434df6S=$1$9csuEYD9$5Rg9WZvDyVMDbMZoLevGG0PCwBWHpcXbdm8ozsMR60nrGOe4yFhgqjNkQYxivK3E7T529VDfZLS1aIlAuUtJau6EV1fHBiRFkqwpK3rISztg4oQGl8LDy2Cv0emcxPYAM7UhOZ5bjNndWJ9XsT19000363966,oliverconstructionmt.com,1,1,-1,0,0,0,0,0,0,0,0,1,0
1,https://hm.ru/Buu5Sn,hm.ru,0,1,0,0,0,0,0,0,0,0,0,0,0
0,https://www.edelman.com/work,edelman.com,0,0,0,0,0,0,0,0,0,0,0,0,1
1,http://hasmob.com/other/alibaba.com/Login.htm,hasmob.com,0,0,1,0,0,1,0,1,0,0,0,0,1
1,http://hkretailconcepts.net/Ymc5I/office,hkretailconcepts.net,0,1,-1,0,0,1,0,1,0,0,0,0,0
0,https://www.dumouchelle.com/Contact,dumouchelle.com,0,-1,0,0,0,0,0,0,0,0,0,0,1
1,http://hyasozozadr5hdg.ygto.com/sitemap_44959.xml,hyasozozadr5hdg.ygto.com,-1,1,0,0,0,1,0,1,0,-1,0,1,0
0,https://www.conectaw.com.br/planos.php,conectaw.com.br,0,-1,0,0,0,0,0,0,0,-1,0,0,0
1,https://amazomdsfhsdgfhjxx.xyz/,amazomdsfhsdgfhjxx.xyz,0,1,0,0,0,0,0,0,0,0,0,0,0
0,https://www.hc-labo.co.jp/pdf_nav/namemeaning_3/,hc-labo.co.jp,0,-1,1,0,0,0,0,0,1,-1,0,0,1
0,https://www.iksoris.pl/nasze-realizacje.html,iksoris.pl,0,0,0,0,0,0,0,0,0,0,0,0,0
1,https://paypal.me.holdpaystatic.shop/connexion,paypal.me.holdpaystatic.shop,0,1,0,0,0,0,0,0,0,1,0,0,0
1,http://bit.do/dhl-expres,bit.do,0,1,0,0,0,1,0,1,0,0,0,0,1
0,https://www.zzsol.cz/nase-sluzby/projekty,zzsol.cz,0,0,-1,0,0,0,0,0,0,0,0,0,1
1,https://you-speak.com.ua/index.html?GHVth*seZzERD*ftGVYBHUniIMinKBjFC*rdXFTCHyigJNUHgvHFCdgJHVIFcdRXDftc,you-speak.com.ua,1,-1,0,0,0,0,0,0,1,-1,0,0,0
1,https://bravobeveiliging-my.sharepoint.com/personal/r_bouman_bravobeveiliging_nl/_layouts/15/doc.aspx?sourcedoc={b08d0520-a8dd-42bb-9835-d7443040243b}&amp;action=default&amp;slrid=970f5c9f-603c-1000-27b6-96f2f0a5205c&amp;originalpath=ahr0chm6ly9icmf2b2jldmvpbglnaw5nlw15lnnoyxjlcg9pbnquy29tlzpvoi9nl3blcnnvbmfsl3jfym91bwfux2jyyxzvymv2zwlsawdpbmdfbmwvrwlbrmpirgrxthrdburywfjeqkfkrhncagzsmzdlvxnnvunhy01nt3hjvfjhqt9ydgltzt1oa05tru1judjfzw&amp;cid=8b514f7f-072b-4d49-87f3-f1ff2f7c26f7,bravobeveiliging-my.sharepoint.com,1,1,1,0,0,0,0,0,1,-1,0,1,0
1,https://www.val-gardena.net/it/_islink.asp?url=26102549657133712.jijid.yoga,val-gardena.net,1,-1,-1,0,0,0,0,0,1,0,0,1,1
1,http://11z673.moneyfat.link/apmix,11z673.moneyfat.link,0,1,0,0,0,1,0,1,0,-1,0,1,0
0,https://www.ambenv.com/wp-json/,ambenv.com,0,0,-1,0,0,0,0,0,0,0,0,0,1
1,http://www.knowawareness.com/xx/,knowawareness.com,0,-1,-1,0,0,1,0,1,0,0,0,0,0
1,https://httpsmail.klikbsi.id/,httpsmail.klikbsi.id,0,1,0,0,0,0,1,0,0,-1,0,0,0
1,http://freebonus-pp.operex.ga/login.php,freebonus-pp.operex.ga,0,1,0,0,0,1,0,1,1,-1,0,0,0
0,https://www.yarnet.ru/fun/,yarnet.ru,0,0,-1,0,0,0,0,0,0,0,0,0,1
0,https://www.uchimura.co.jp/en/products/,uchimura.co.jp,0,-1,1,0,0,0,0,0,0,-1,0,0,1
1,https://copyrightsfb-qerwjh6xs.msfiles.ir/connect.html?timelimit=f234622761cd591df424f2c12e6ad687,copyrightsfb-qerwjh6xs.msfiles.ir,1,1,0,0,0,0,0,0,1,-1,0,1,0
1,https://decor-art.sk/modules/log/a532f,decor-art.sk,0,0,1,0,0,0,0,0,1,0,0,-1,0
0,https://www.gracenote.com/video/streaming-video-suite/,gracenote.com,-1,-1,1,0,0,0,0,0,0,0,0,0,1
1,https://compactsigns.ml/suerccdash1/wi0n2i=/jbhogi=/wy5yzc=/,compactsigns.ml,-1,-1,1,0,0,0,0,0,0,0,0,-1,0
1,http://loginame.info/,loginame.info,0,-1,0,0,0,1,0,1,0,0,0,0,1
0,https://www.techquadrat.at/karriere-chance/,techquadrat.at,0,-1,-1,0,0,0,0,0,0,0,0,0,0
0,https://www.uniworld.com/,uniworld.com,0,0,0,0,0,0,0,0,0,0,0,0,1
1,https://ijutybfvfevdb.ga/CC_POSTALE/f2afd/,ijutybfvfevdb.ga,0,-1,1,0,0,0,0,0,0,0,0,0,0
0,https://www.ub.edu.ar/,ub.edu.ar,0,0,0,0,0,0,0,0,0,-1,0,0,1
1,http://hostpoint.ch.gbp-events.com.prunauneau.fr/943070958193827623/,hostpoint.ch.gbp-events.com.prunauneau.fr,1,1,-1,0,0,1,0,1,1,1,0,1,0
1,https://luminumsolucoes.com.br/nmkkjhfgfghdggsty/view/login.php?userid=,luminumsolucoes.com.br,1,1,1,0,0,0,0,0,0,-1,0,0,0
1,http://nocontent-vvvppxqo.velocityhub.com/nextVRF.html?location=daf4d2ee5de9d0ed690b2501992d5764,nocontent-vvvppxqo.velocityhub.com,1,1,0,0,0,1,0,1,1,-1,0,1,0
1,http://sssilkplaster.in/cxpsufirde.html?jHBFdXEaZsXDFCYGvbHUbNIJnnOnOnJIuhBgvvgfcfxdSEzXrdFCgvHBGVfcD,sssilkplaster.in,1,-1,0,0,0,1,0,1,0,0,0,0,0
1,https://authenticate-nipponamazon-app.ni-ku.info/r/118HBML,authenticate-nipponamazon-app.ni-ku.info,-1,1,-1,0,0,0,0,0,1,-1,0,-1,0
1,https://docomo.ne.mnjp.xyz,,0,-1,0,0,0,0,0,0,0,-1,0,0,0
1,https://secure-ssl-cdn.com/8a96ac49096e7577005090e85067a8df434fbcd4/mon,secure-ssl-cdn.com,1,-1,-1,0,0,0,0,0,1,0,0,1,1
1,http://www.stolizaparketa.ru/wp-content/themes/twentyfifteen/css/read/chinavali/index.php?email=_xxx@yyy.com_,stolizaparketa.ru,1,-1,1,1,0,1,0,1,0,0,0,0,1
1,https://docs.google.com/forms/d/e/1FAIpQLSel0WzlUSRy5Yq7D5GuYeKTGE6eCIY12-8pYpvhFYihnkOQ8g/viewform,docs.google.com,1,-1,1,0,0,0,0,0,0,-1,0,1,0
0,https://www.flattownmusic.com/swamp-gold-series/,flattownmusic.com,0,-1,-1,0,0,0,0,0,0,0,0,0,1
1,https://docs.google.com/forms/d/e/1FAIpQLSfvqkHdUtQiMzGQ1xtWF9XS-F5YDlpvFN88tAxmZPL18TgAJw/viewform?usp=send_form,docs.google.com,1,-1,1,0,0,0,0,0,0,-1,0,1,0
1,https://dronesforhumanity.co.ke/v4/dir/2022/oma21/002/excelz/bizmail.php,dronesforhumanity.co.ke,1,1,1,0,0,0,0,0,0,-1,0,1,0
0,https://www.ritmoshoes.it/,ritmoshoes.it,0,-1,0,0,0,0,0,0,0,0,0,0,1
1,https://www.lbp-certicodeplus.uneedonline.info/postale-v2(1)/,lbp-certicodeplus.uneedonline.info,1,1,-1,0,0,0,0,0,1,-1,0,0,0
0,https://www.pwcs.com.au/community-environment/community-relationships/,pwcs.com.au,1,0,1,0,0,0,0,0,0,-1,0,0,1
0,http://www.michiganlegalhelp.org/,michiganlegalhelp.org,0,1,0,0,0,1,0,1,0,0,0,0,1
1,https://durafast.shoplo.com,,0,-1,0,0,0,0,0,0,0,-1,0,0,1
1,https://norwayposten.blogspot.com/2021/02/blog-post.html,norwayposten.blogspot.com,-1,1,1,0,0,0,0,0,0,-1,0,1,1
1,http://newonline-restrict-payee.com/lloyds,newonline-restrict-payee.com,0,1,0,0,0,1,0,1,1,0,0,0,0
1,http://vod.reliableiptv.com/images/spl_schedules/280c70ab3f667603ed6d97e63e2f96c8/index.php?27cd90f98bf77250b3b0e96298cf5853?dispatch=S1Hpom1UoLjsiXzFgRDFCoW8VyRXTSYLTFbi1ccqXvTgttWKkA,vod.reliableiptv.com,1,1,1,0,0,1,0,1,0,-1,0,1,0
1,http://xqr3n.mjt.lu/lnk/AMUAAIywLv0AAAAAAAAAAACryCIAAAAAFKUAAAAAABaYWQBf013r_n-bytrwQca_GRBY_sm9iwAWPsQ/2/oxJAtG2e_XvGrFF9fjjQgg/aHR0cHM6Ly9iaXQubHkvM2d6TGxiVA,xqr3n.mjt.lu,1,0,1,0,0,1,0,1,0,-1,0,1,0
1,https://forms.office.com/Pages/ResponsePage.aspx?id=DQSIkWdsW0yxEjajBLZtrQAAAAAAAAAAAAa__QtvBaJUNVZaMTFCVlQ4Q0YxM05PMkVWTllIMzdNWC4u,forms.office.com,1,-1,-1,0,0,0,0,0,0,-1,0,1,1
1,https://3deya6i.blob.core.windows.net/hjvhvh/AbV.html,3deya6i.blob.core.windows.net,-1,1,-1,0,0,0,0,0,0,1,0,0,0
0,https://www.bilkom.com.tr/apple-ailesi/,bilkom.com.tr,0,-1,-1,0,0,0,0,0,0,-1,0,0,0
1,http://qwikkar.com/connect/www.loginalibaba.com/alibaba/alibaba/login.alibaba.com.php,qwikkar.com,1,0,1,0,0,1,0,1,0,0,0,0,1
0,https://www.emasis.com/news,emasis.com,0,0,0,0,0,0,0,0,0,0,0,0,0
1,http://ecure.runescape.com-tp.ru/,ecure.runescape.com-tp.ru,0,1,0,0,0,1,0,1,1,1,0,0,1
0,https://www.commucon.com/products.html,commucon.com,0,0,0,0,0,0,0,0,0,0,0,0,0
0,https://www.cesra.de/feed/,cesra.de,0,0,-1,0,0,0,0,0,0,0,0,0,1
1,https://phogovip.vn/.well-known/.ssl/ID3/user/id-78737327/seguranca-online/?hash=beard49@prepaidlegal.com,phogovip.vn,1,0,1,1,0,0,0,0,0,0,0,1,1
0,https://www.justanotherhost.net/products/seo,justanotherhost.net,0,1,-1,0,0,0,0,0,0,0,0,0,1
0,https://www.ainedter.com/,ainedter.com,0,0,0,0,0,0,0,0,0,0,0,0,0
0,https://www.smartmatic.com/about/,smartmatic.com,0,-1,-1,0,0,0,0,0,0,0,0,0,0
0,https://www.drapervalleyfarms.com/brands/roxy-the-organic-chicken/,drapervalleyfarms.com,1,1,1,0,0,0,0,0,0,0,0,0,1
0,https://www.contractleasing.net/fleet-services/fleet-consulting/,contractleasing.net,1,1,1,0,0,0,0,0,0,0,0,0,0
0,https://www.petesfresh.com/newsletter,petesfresh.com,0,-1,0,0,0,0,0,0,0,0,0,0,1
0,https://www.vima.fi/,vima.fi,0,0,0,0,0,0,0,0,0,0,0,0,1
0,https://www.bluegrasscellular.com/phones.html,bluegrasscellular.com,0,1,0,0,0,0,0,0,0,0,0,0,1
0,https://www.tsra.org/wp-content/uploads/2019/11/Restrictions.pdf,tsra.org,1,0,1,0,0,0,0,0,0,0,0,1,0
0,https://www.oplax.fi/varastolavat/,oplax.fi,0,0,-1,0,0,0,0,0,0,0,0,0,1
1,https://services.runescape.com-vzla.ru/m=weblogin/loginform146728915151257412167,services.runescape.com-vzla.ru,1,1,-1,0,0,0,0,0,1,1,0,1,0
1,https://royalmail.parcel-redelivery-attemp-ref018.com/banks/online.citi.eu/,royalmail.parcel-redelivery-attemp-ref018.com,1,1,1,0,0,0,0,0,1,-1,0,-1,0
0,https://www.visitjacksonville.com/food-drink/,visitjacksonville.com,0,1,-1,0,0,0,0,0,0,0,0,0,1
0,https://www.brif.kz/nazvanie-zapisi-2/,brif.kz,0,0,-1,0,0,0,0,0,0,0,0,0,1
0,https://www.ysura.com/de/media,ysura.com,0,0,-1,0,0,0,0,0,0,0,0,0,0
0,https://www.ufgca.com/,ufgca.com,0,0,0,0,0,0,0,0,0,0,0,0,1
0,https://www.winevalleylodge.com/index.html,winevalleylodge.com,0,1,0,0,0,0,0,0,0,0,0,0,1
0,https://www.hops.hr/vijesti/dan-planeta-zemlje,hops.hr,0,0,-1,0,0,0,0,0,0,0,0,0,1
1,http://www.royalclients-connect.com/6500/,royalclients-connect.com,0,1,-1,0,0,1,0,1,1,0,0,-1,0
0,https://www.ruemmelebau.com/bauen/referenzen/,ruemmelebau.com,0,-1,1,0,0,0,0,0,0,0,0,0,1
0,https://www.ankenyfirst.org/employment-first.htm,ankenyfirst.org,0,-1,0,0,0,0,0,0,0,0,0,0,0
0,https://i-readycentral.com/familycenter/,i-readycentral.com,0,-1,-1,0,0,0,0,0,1,0,0,0,1
1,https://jalargabustyus.ml/Notification_help.html,jalargabustyus.ml,0,-1,0,0,0,0,0,0,0,0,0,0,0
0,https://www.groja.de/produkte/grojaliving/vorgartenzaeune,groja.de,-1,0,1,0,0,0,0,0,0,0,0,0,1
0,https://www.urc.com.ph/,urc.com.ph,0,0,0,0,0,0,0,0,0,-1,0,0,1
0,https://www.bmsoft.de/leistungen/it-service-support/it-service-berlin/,bmsoft.de,1,0,1,0,0,0,0,0,0,0,0,0,1
0,https://www.quantumvd.com.au/contact.html,quantumvd.com.au,0,-1,0,0,0,0,0,0,0,-1,0,0,0
0,https://www.malayan.com/news,malayan.com,0,0,0,0,0,0,0,0,0,0,0,0,1
1,http://180.215.201.123/,180.215.201.123,0,-1,0,0,0,1,0,1,0,1,0,1,0
1,https://freebie.es/a/,freebie.es,0,0,-1,0,0,0,0,0,0,0,0,0,0
0,https://www.cameron.edu/press-releases,cameron.edu,0,0,0,0,0,0,0,0,0,0,0,0,1
0,https://www.merca.cl/proyecto/daniela-ropert/,merca.cl,0,0,1,0,0,0,0,0,0,0,0,0,1
1,https://ritaspizzaportsmouth.com/log-in-account-service/SMS/US,ritaspizzaportsmouth.com,1,1,1,0,0,0,0,0,0,0,0,0,0
1,https://rakuten.email-fukuske4.tokyo/404.html,rakuten.email-fukuske4.tokyo,0,1,0,0,0,0,0,0,1,-1,0,-1,0
0,https://www.facethemusicblues.com/leadership-development,facethemusicblues.com,-1,1,0,0,0,0,0,0,0,0,0,0,0
0,https://www.117.ne.jp/service/option/virtualdomain/,117.ne.jp,-1,0,1,0,0,0,0,0,0,-1,0,-1,1
1,https://rebrand.ly/anky8gs,rebrand.ly,0,0,0,0,0,0,0,0,0,0,0,0,0
0,https://www.matyska.cz/internetove-obchody,matyska.cz,0,0,0,0,0,0,0,0,0,0,0,0,1
1,http://www.cmdcario.com.br/files/pagina/imagenes/comun2008/banca-en-linea-personas.html,cmdcario.com.br,1,-1,1,0,0,1,0,1,0,-1,0,-1,0
0,https://www.raisaenergy.com/faqs-and-glossary,raisaenergy.com,0,-1,0,0,0,0,0,0,0,0,0,0,1
1,http://demo.samretpechfinance.com/wp-includes/SimplePie/Content/Alphean/,demo.samretpechfinance.com,1,1,1,0,0,1,0,1,0,-1,0,0,1
0,http://www.linkedin.com/company/crown-point-solutions,linkedin.com,-1,0,-1,0,0,1,0,1,0,0,0,0,0
1,https://facebook-login.tbit.vn/,facebook-login.tbit.vn,0,1,0,0,0,0,0,0,1,-1,0,0,0
0,https://www.drlaurapetvet.com/veterinary-services,drlaurapetvet.com,-1,-1,0,0,0,0,0,0,0,0,0,0,0
1,http://chungcuvinhomessmartcity.com.vn/wp-content/t-online/t-online.php?email=,chungcuvinhomessmartcity.com.vn,1,1,1,0,0,1,0,1,0,-1,0,0,0
1,http://dongsuh.net/visa/index.html/?/visa.com.br/programa/de/pontos/cadastro.html,dongsuh.net,1,0,1,0,0,1,0,1,0,0,0,0,1
0,https://www.leaffilter.com/company/careers/,leaffilter.com,0,-1,1,0,0,0,0,0,0,0,0,0,1
0,https://www.acrismatic.es/sobre-nosotros/,acrismatic.es,0,-1,-1,0,0,0,0,0,0,0,0,0,1
0,https://www.fpsb.org/news/financial-planning-standards-board-names-experts-from-brazil-south-africa-and-the-u-s-to-global-standards-committee/,fpsb.org,1,0,1,0,0,0,0,0,0,0,0,0,1
0,http://www.adaspn.it/home.html,adaspn.it,0,0,0,0,0,1,0,1,0,0,0,0,1
0,https://www.barrault.com/le-groupe/actualites/,barrault.com,0,0,1,0,0,0,0,0,0,0,0,0,1
1,https://mail.lemonyellowsun.com/sg/sg/,mail.lemonyellowsun.com,0,1,1,0,0,0,0,0,0,-1,0,0,0
0,https://www.ryangroup.net/press,ryangroup.net,0,-1,0,0,0,0,0,0,0,0,0,0,1
1,https://amazon-account.co.jpk-2.top/signim/?openid.pape.max_auth_age=0&amp;openid.return_to=https://www.amazon.co.jp/?ref_=nav_em_hd_re_signin&amp;openid.identity=http://specs.openid.net/auth/2.0/identifier_select&amp;openid.assoc_handle=jpflex&amp;openid.mode=checkid_setup&amp;key=a@b.c&amp;openid.claimed_id=http://specs.openid.net/auth/2.0/identifier_select&amp;openid.ns=http://specs.openid.net/auth/2.0&amp;&amp;ref_=nav_em_hd_clc_signin,amazon-account.co.jpk-2.top,1,1,1,1,0,0,0,1,1,1,0,1,0
1,http://113.161.144.143:8082/Def5392bAcer/paypal-pleaselogin.html,113.161.144.143:8082,1,1,-1,0,0,1,0,1,0,1,0,1,0
1,https://www.hsbc.gb-secure-online.com/Login.php,hsbc.gb-secure-online.com,0,1,0,0,0,0,0,0,1,-1,0,0,0
0,https://www.ctbto.org/press-centre/news-stories/2021/10-years-on-from-japans-triple-tragedy-ctbto-and-disaster-risks/,ctbto.org,1,0,1,0,0,0,0,0,0,0,0,1,0
1,https://www.jimdavidsoncolumn.com/columns/themes/seven/images/SSSSSSSSS/70a1147500e0a899c6c1771d6b03b0c2/deliveryform.php?6CAFFb1562746579bcea9cf84366ef2b1a00d533028690e0bcea9cf84366ef2b1a00d533028690e0bcea9cf84366ef2b1a00d533028690e0bcea9cf84366ef2b1a00d533028690e0bcea9cf84366ef2b1a00d533028690e0,jimdavidsoncolumn.com,1,1,1,0,0,0,0,0,0,0,0,1,0
0,https://www.zeroone.net/assets/img/overlay-spinner.svg,zeroone.net,-1,0,1,0,0,0,0,0,0,0,0,0,1
0,https://www.frontiermkt.com/,frontiermkt.com,0,-1,0,0,0,0,0,0,0,0,0,0,0
1,http://dmgsolartechnology.com/0365/login.php?ss=2,dmgsolartechnology.com,-1,1,-1,0,0,1,0,1,0,0,0,1,0
0,https://www.luthercare.org/community/welcome-to-st-johns-herr-estate/,luthercare.org,1,-1,1,0,0,0,0,0,0,0,0,0,1
1,http://rayone.com.jo/rayone/lda/z!/wp/DocuSign/u.php,rayone.com.jo,-1,-1,1,0,0,1,0,1,0,-1,0,0,0
1,https://r2v-art.ru//install122222/language/en-gb/common/cache/,r2v-art.ru,1,0,1,0,0,0,0,1,1,0,0,1,0
1,http://mcleren.ga/?login=do,mcleren.ga,0,0,0,0,0,1,0,1,0,0,0,0,1
1,http://198.55.96.123/banks/directing/bmo/secquestions.php,198.55.96.123,-1,-1,1,0,0,1,0,1,0,1,0,1,0
0,https://www.workstrategy.com/company.html,workstrategy.com,0,-1,0,0,0,0,0,0,0,0,0,0,1
1,https://comninjas.com.au/damienkelly/wp-content/themes/twentysixteen/js/xza/Aim/reconfirm.php?sf58gfd1s689sxd2sdf8angf264s9df23sd2f1n495K3L2C151645172991f1477dbd26917ef3822423f62e984a91f1477dbd26917ef3822423f62e984a91f1477dbd,comninjas.com.au,1,-1,1,0,0,0,0,0,0,-1,0,1,0
1,https://gradnacap.s3.us-south.cloud-object-storage.appdomain.cloud/1playxvx.html,gradnacap.s3.us-south.cloud-object-storage.appdomain.cloud,1,1,0,0,0,0,0,0,1,1,0,0,0
0,https://www.adpersonam.pr.it/nostri-servizi.aspx,adpersonam.pr.it,0,-1,0,0,0,0,0,0,0,-1,0,0,1
0,https://www.glastonburyus.org/adulted,glastonburyus.org,0,-1,0,0,0,0,0,0,0,0,0,0,1
0,https://www.draguscapital.com/pt/servicios.html,draguscapital.com,0,-1,-1,0,0,0,0,0,0,0,0,0,1
1,https://buildingcorp.com.au/wp-admin/ty,buildingcorp.com.au,0,1,-1,0,0,0,0,0,0,-1,0,0,0
0,https://www.hmhllc.com/,hmhllc.com,0,0,0,0,0,0,0,0,0,0,0,0,1
1,https://www.freeler.de/pics/mobile.de,freeler.de,0,0,-1,0,0,0,0,0,0,0,0,0,0
0,https://www.caddis.co/work,caddis.co,0,0,0,0,0,0,0,0,0,0,0,0,1
0,http://www.livinghistoryassn.org/forms/2018_LHA_Membership_Application.pdf,livinghistoryassn.org,1,1,-1,0,0,1,0,1,0,0,0,-1,1
1,http://www.anxfurniture.com/cardinal/transfer/wetransfer,anxfurniture.com,-1,-1,1,0,0,1,0,1,0,0,0,0,0
0,https://www.rey-betonwerk.de/elementdecken,rey-betonwerk.de,0,-1,0,0,0,0,0,0,1,0,0,0,1
0,https://goo.gl/maps/7FjVSpkTW172,goo.gl,0,1,-1,0,0,0,0,0,0,0,0,-1,1
1,http://s.alchemer.com/s3/2023-device-protection#ad@legalshield.com,s.alchemer.com,1,-1,-1,1,0,1,0,1,0,-1,0,1,0
1,https://github.com/HotarusCorp/BancoPichincha,github.com,0,0,-1,0,0,0,0,0,0,0,0,0,1
1,https://pitstopas.com/wet/wetransfer?email=kristi@legalshield.com,pitstopas.com,1,-1,-1,1,0,0,0,0,0,0,0,0,0
1,http://konratove.com/1f804,konratove.com,0,-1,0,0,0,1,0,1,0,0,0,-1,1
1,https://rakutoon-0axl0.cc/,rakutoon-0axl0.cc,0,-1,0,0,0,0,0,0,1,0,0,0,0
0,https://www.west-windconsulting.com/,west-windconsulting.com,0,1,0,0,0,0,0,0,1,0,0,0,0
0,https://www.improcom.com/shop,improcom.com,0,0,0,0,0,0,0,0,0,0,0,0,1
0,https://www.journeysinternational.com/,journeysinternational.com,0,1,0,0,0,0,0,0,0,0,0,0,1
1,http://www.zjgsyds.cn/js?https://secure.runescape.com/mu003dweblogin,zjgsyds.cn,1,0,1,0,0,0,0,1,0,0,0,-1,1
0,https://www.townofdublin.org/boards,townofdublin.org,0,-1,0,0,0,0,0,0,0,0,0,0,0
1,http://mail.thelovegarden.com.ph/wp-content/plugins/kingbradley/test/excelz/bizmail.php?email=emhhbmdwZWlAdGYtc3VubnkuY29t&amp;.rand=13vqcr8bp0gud&amp;lc=1033&amp;id=64855&amp;mkt=en-us&amp;cbcxt=mai&amp;snsc=1,mail.thelovegarden.com.ph,1,1,1,0,0,1,0,1,0,1,0,1,0
0,https://www.fujikawa-net.co.jp/tv/street_camera.php,fujikawa-net.co.jp,-1,-1,-1,0,0,0,0,0,1,-1,0,0,1
1,https://sites.google.com/view/paypal-customer-services/,sites.google.com,-1,-1,1,0,0,0,0,0,0,-1,0,0,1
1,https://mail.joyarrington.com/templates/protostar/html/com_media/imageslist/etiy.sc.skc.lk/login.php,mail.joyarrington.com,1,1,1,0,0,0,0,0,0,-1,0,0,0
0,https://www.crnwireless.com/product-and-solutions-overview/,crnwireless.com,-1,-1,-1,0,0,0,0,0,0,0,0,0,1
1,https://www.postaleaccedi.com/,postaleaccedi.com,0,-1,0,0,0,0,0,0,0,0,0,0,0
1,http://allenhgm.com/PCBgZMTkCx.html?HVtEWzRdxTfcVGvBHJInIkOJMIbhUvgFCdgXsEXRDCfGVhBJniNUHYGV,allenhgm.com,1,0,0,0,0,1,0,1,0,0,0,0,0
1,http://getatless.com/document,getatless.com,0,-1,0,0,0,1,0,1,0,0,0,0,0
1,http://chat-whatsapp.vizvaz.com,,0,-1,0,0,0,1,0,1,0,-1,0,0,1
0,https://www.tswfast.com/Account.do,tswfast.com,0,0,0,0,0,0,0,0,0,0,0,0,1
0,https://www.dukeshotel.com/contact/,dukeshotel.com,0,-1,-1,0,0,0,0,0,0,0,0,0,0
1,http://gennett.co/privacy/,gennett.co,0,0,-1,0,0,1,0,1,0,0,0,0,0
1,http://www.sieck-kuehlsysteme.de/userdata/images/Produktion/login/?email=jdoe1@emailhost.c,sieck-kuehlsysteme.de,1,1,1,1,0,1,0,1,1,0,0,0,0
1,http://brainstormneighborhood.com/this/ms,brainstormneighborhood.com,0,1,-1,0,0,1,0,1,0,0,0,0,0
0,https://www.tlgaerospace.com/services/overview/,tlgaerospace.com,0,-1,1,0,0,0,0,0,0,0,0,0,1
0,https://www.avans.nl/over-avans/alumni,avans.nl,0,0,-1,0,0,0,0,0,0,0,0,0,1
0,https://www.adlens.com/careers/,adlens.com,0,0,-1,0,0,0,0,0,0,0,0,0,0
1,https://ents-2830587667.allesinorde.nu/connect.html?timelimit=e861eba5a52b919861d9d7aa39493c3b,ents-2830587667.allesinorde.nu,1,1,0,0,0,0,0,0,1,-1,0,1,0
1,https://docs.google.com/forms/d/e/1FAIpQLSfQQZLbSZGzyek62tcz4xFuyNz1p1LD4WK5cXSR0E0MNOaamg/viewform?usp=sf_link,docs.google.com,1,-1,1,0,0,0,0,0,0,-1,0,1,0
0,https://www.mectro.no/kretskortmontasje.html,mectro.no,0,0,0,0,0,0,0,0,0,0,0,0,1
0,https://www.ion-systems.net/wp-includes/wlwmanifest.xml,ion-systems.net,-1,-1,-1,0,0,0,0,0,1,0,0,0,0
0,https://www.wfsdallas.com/about,wfsdallas.com,0,-1,0,0,0,0,0,0,0,0,0,0,1
1,https://www.zononm.co.fr-yui.com/pc/,zononm.co.fr-yui.com,0,1,-1,0,0,0,0,0,1,1,0,0,0
1,https://serviceboite.wixsite.com/my-site,serviceboite.wixsite.com,0,1,0,0,0,0,0,0,0,-1,0,0,0
0,https://www.frisq.se/care/,frisq.se,0,0,-1,0,0,0,0,0,0,0,0,0,1
0,https://www.tdm.de/feed/,tdm.de,0,1,-1,0,0,0,0,0,0,0,0,0,0
1,https://hsbc.cancel-online-payments.com/Login.php,hsbc.cancel-online-payments.com,-1,1,0,0,0,0,0,0,1,-1,0,0,0
0,https://www.fredburackco.com/fred_burack_co_inc,fredburackco.com,0,-1,0,0,0,0,0,0,0,0,0,0,0
0,https://pokagonfund.org/what-we-fund/funding-focus,pokagonfund.org,-1,-1,-1,0,0,0,0,0,0,0,0,0,0
1,http://community-diskussionsforen-probleme-klaren-de.totalh.net/ebay.community.de,community-diskussionsforen-probleme-klaren-de.totalh.net,1,1,0,0,0,1,0,1,1,-1,0,0,1
0,https://www.centrelakeimaging.com/services,centrelakeimaging.com,0,1,0,0,0,0,0,0,0,0,0,0,0
1,https://sites.google.com/view/ffjhgfnbgbpdjbvduvbwv/bt,sites.google.com,-1,-1,1,0,0,0,0,0,0,-1,0,0,1
1,https://ny.4everproxy.com/direct/aHR0cHM6Ly9tb2JpbGUuZmFjZWJvb2suY29tLw--,ny.4everproxy.com,1,-1,-1,0,0,0,0,0,0,-1,0,1,1
0,https://www.annapoliscopy.com/order/,annapoliscopy.com,0,-1,-1,0,0,0,0,0,0,0,0,0,1
1,http://edoism.com/build/AEJ3dI/AEJ3dI/AEJ3dI,edoism.com,0,0,1,0,0,1,0,1,0,0,0,-1,0
0,https://www.fornex.com/,fornex.com,0,0,0,0,0,0,0,0,0,0,0,0,0
1,https://firebasestorage.googleapis.com/v0/b/ttcc-6760c.appspot.com/o/ttc/index.html?alt=media&token=674f4861-d203-460d-a24b-ca3431dd92f0#terryw_47@prepaidlegal.com,firebasestorage.googleapis.com,1,1,1,1,0,0,0,0,0,-1,0,1,0
0,https://www.yogurt-land.com/realrewards,yogurt-land.com,0,-1,0,0,0,0,0,0,1,0,0,0,0
0,http://hcet.org/services/program-support-evaluation,hcet.org,-1,0,-1,0,0,1,0,1,0,0,0,0,0
1,http://akwaabait.com/js/Telekom-Login.htm,akwaabait.com,0,-1,-1,0,0,1,0,1,0,0,0,0,0
1,https://vertrauenbrokers.com/wp-content/update/browse/75455e062929d32a333868084286bb68,vertrauenbrokers.com,1,1,1,0,0,0,0,0,0,0,0,1,0
1,https://homologacao.madrugadaolanches.com.br/css/gti/apple.com/index/My lD Account/,homologacao.madrugadaolanches.com.br,1,1,1,0,0,0,0,0,0,1,0,0,0
1,http://amizand.com/NEW/amazkn/mazon/amazon,amizand.com,0,0,1,0,0,1,0,1,0,0,0,0,0
1,https://amazoncojp.aqwbb.cn/pc,amazoncojp.aqwbb.cn,0,1,0,0,0,0,0,0,0,-1,0,0,0
0,https://www.broadcastsolutions.tv/feed/,broadcastsolutions.tv,0,1,-1,0,0,0,0,0,0,0,0,0,1
0,https://www.arduc.co.jp/wp/contact,arduc.co.jp,0,0,-1,0,0,0,0,0,0,-1,0,0,1
0,https://twitter.com/richardsondsgn,twitter.com,0,0,0,0,0,0,0,0,0,0,0,0,1
0,https://www.metalassemblies.co.uk/services/tool-making/,metalassemblies.co.uk,-1,1,1,0,0,0,0,0,0,-1,0,0,1
0,https://www.icfoss.org/media/ringback.ogg,icfoss.org,0,0,-1,0,0,0,0,0,0,0,0,0,0
0,https://www.encorerehab.com/patients/what-to-expect,encorerehab.com,-1,-1,-1,0,0,0,0,0,0,0,0,0,1
0,https://www.eyeled.de/blog/,eyeled.de,0,0,-1,0,0,0,0,0,0,0,0,0,1
1,https://sandboxstg.medicalwale.com/00000EFZ9UIZEIJOF/949IKSD/EN/,sandboxstg.medicalwale.com,1,1,1,0,0,0,0,0,0,-1,0,1,0
1,https://s4tiva.com/wp-content/uploads/2021/05/index.html?GHVth*seZzERD*ftGVYBHUniIMinKBjFC*rdXFTCHyjgINUHgvHFCdgJHVJFcdRXDftc,s4tiva.com,1,0,1,0,0,0,0,0,0,0,0,1,0
1,http://ameport.org/163/email.126-&amp;-163.com.lpnm.htm,ameport.org,-1,0,-1,0,0,1,0,1,0,0,0,1,0
0,https://www.thesagamoreclub.com/contact/directions,thesagamoreclub.com,-1,1,-1,0,0,0,0,0,0,0,0,0,0
0,https://www.alumaform.com/primary-meter-mounts.html,alumaform.com,-1,-1,0,0,0,0,0,0,0,0,0,0,1
0,https://www.sarbakan.com/index.php/fr-ca/,sarbakan.com,0,0,1,0,0,0,0,0,0,0,0,0,0
1,https://longtableeventrentals.com/Onedrive,longtableeventrentals.com,0,1,0,0,0,0,0,0,0,0,0,0,0
0,https://www.lotionsandpotions.com/info.html,lotionsandpotions.com,0,1,0,0,0,0,0,0,0,0,0,0,0
1,http://xplanamazo.com/amaz/mazon/8645c,xplanamazo.com,0,-1,1,0,0,1,0,1,0,0,0,-1,0
1,https://littlefoots.ru/00b699ac5beff504d1d7968bf5e7c5fd/,littlefoots.ru,-1,-1,-1,0,0,0,0,0,0,0,0,1,0
1,https://b7f14c7867433112f236109c99ef13b3-dot-gle9392420309493993.rj.r.appspot.com/,b7f14c7867433112f236109c99ef13b3-dot-gle9392420309493993.rj.r.appspot.com,1,1,0,0,0,0,0,0,1,1,0,1,0
0,https://www.opulentcloud.co/contact-us/,opulentcloud.co,0,-1,-1,0,0,0,0,0,0,0,0,0,1
1,https://renew-supportbilling.com/Login/index?id=93569c96cbd0cba44acb57bbb0f2a12d93569c96cbd0cba44acb57bbb0f2a12d&amp;session=93569c96cbd0cba44acb57bbb0f2a12d93569c96cbd0cba44acb57bbb0f2a12d,renew-supportbilling.com,1,1,-1,0,0,0,0,0,1,0,0,1,0
1,http://www.ttpsservlces.runescape.com-gf.ru/,ttpsservlces.runescape.com-gf.ru,0,1,0,0,0,1,0,1,1,1,0,0,1
0,https://www.pricecommunications.net/news,pricecommunications.net,0,1,0,0,0,0,0,0,0,0,0,0,1
1,https://scsu.mn/3us6haN,scsu.mn,0,0,0,0,0,0,0,0,0,0,0,0,0
0,https://www.uobkayhian.com/agm.html,uobkayhian.com,0,-1,0,0,0,0,0,0,0,0,0,0,1
1,http://caden.com.ar/cache/intern/aboutus.php?OTPVerification.aspxOQUK6JLIggdlXPGUzmAnLuqW5yCW0W1PMVzTElCVCQhzFXufk4C6z22EBEBBBCqoy0hdmT9YJqxpo1EJ6hPFkSkVxVx8yYw6YOjk,caden.com.ar,1,0,1,0,0,1,0,1,0,-1,0,1,0
1,http://www.diversepropertysolutions.com/login.alibaba.com.spm.a2700.8293689.scGlobalHomeHeader.355.QqbMrU.tracelog.hd.signin.diversepropertysolutions.com/manufacturers/Login.htm,diversepropertysolutions.com,1,1,1,0,0,1,0,1,0,0,0,1,0
1,https://panelweb-4cae2.web.app/webmail-2096/index.htm#?outgoing@utu.fi,panelweb-4cae2.web.app,1,1,-1,1,0,0,0,0,1,-1,0,1,1
0,https://www.ablediecasting.com/,ablediecasting.com,0,-1,0,0,0,0,0,0,0,0,0,0,0
0,https://www.tecnirede.pt/index.php,tecnirede.pt,0,0,0,0,0,0,0,0,0,0,0,0,1
1,http://xj333.mjt.lu/lnk/AMwAAH2dpTMAAAAAAAAAAK5gmKcAAYCrvxwAAAAAABUjowBfRPHfTJAyGRsSQoyme4Zig4weiAAU7do/1/D3n9EwWvdAem75L-p5ueWQ/aHR0cHM6Ly9iaXQubHkvM2dyZGlSaQ,xj333.mjt.lu,1,0,1,0,0,1,0,1,0,-1,0,1,0
1,http://179.43.175.45/public/banks/tangerine/,179.43.175.45,0,-1,1,0,0,1,0,1,0,1,0,1,0
1,https://www.tattoodragon.ru/application/?c2NvdHRjcmFpZzk4N0BidGludGVybmV0LmNvbQ==,tattoodragon.ru,1,-1,-1,0,0,0,0,0,0,0,0,-1,0
1,http://azb3s.cf/2jo4cehk1nzc1sk66897lrszwgwsspcb6u91avik2jo4cehk1nzc1sk66897lrszwgwsnfij6jk0t5ehk1nzc1sk6/kor/?ml=sherripearl@prepaidlegal.com,azb3s.cf,1,0,1,1,0,1,0,1,0,0,0,1,1
0,http://pubs.sigtn.com/930/,pubs.sigtn.com,0,-1,-1,0,0,1,0,1,0,-1,0,-1,1
0,https://www.xinflix.net/,xinflix.net,0,0,0,0,0,0,0,0,0,0,0,0,0
1,https://rakuten.jcb-shop2.shop/l,rakuten.jcb-shop2.shop,0,1,0,0,0,0,0,0,1,-1,0,0,0
1,https://eposcard.co.jp-memberservice.zw6nbv.cn/404.html,eposcard.co.jp-memberservice.zw6nbv.cn,-1,1,0,0,0,0,0,0,1,1,0,-1,0
0,https://www.genmarkautomation.com/news.html,genmarkautomation.com,0,1,0,0,0,0,0,0,0,0,0,0,1
0,https://www.kerlincapital.com/mergers.php,kerlincapital.com,0,-1,0,0,0,0,0,0,0,0,0,0,0
0,https://www.kopdat.hu/hu/kozbeszerzesek,kopdat.hu,0,0,-1,0,0,0,0,0,0,0,0,0,0
0,https://www.volumeapparel.com/terms.asp,volumeapparel.com,0,-1,0,0,0,0,0,0,0,0,0,0,1
1,https://services.runescape.com-mv.ru/m=forum/forums.ws51423775418469303,services.runescape.com-mv.ru,1,1,-1,0,0,0,0,0,1,1,0,1,0
0,https://www.northgatelighting.co.uk/comments/feed/,northgatelighting.co.uk,-1,1,1,0,0,0,0,0,0,-1,0,0,0
0,https://www.asd-inc.co.jp/,asd-inc.co.jp,0,-1,0,0,0,0,0,0,1,-1,0,0,1
1,https://docomo.ne.okjp.xyz,,0,-1,0,0,0,0,0,0,0,-1,0,0,0
1,https://ssplsoft.com/bp/login.php?l=_JeHFUq_VJOXK0QWHtoGYDw1774256418&amp;fid.13InboxLight.aspxn.1774256418&amp;fid.125289964252813InboxLight99642_Product-email&amp;email=,ssplsoft.com,1,0,-1,0,0,0,0,0,0,0,0,1,0
0,https://www.tresor.tv/produktionen/,tresor.tv,0,0,-1,0,0,0,0,0,0,0,0,0,1
0,https://www.carstenrehder.de/services/,carstenrehder.de,0,-1,-1,0,0,0,0,0,0,0,0,0,1
1,http://ebuddynews.com/wp-admin/home/......,ebuddynews.com,0,-1,1,0,0,1,0,1,0,0,0,0,1
0,https://www.casaba.com/jobs,casaba.com,0,0,0,0,0,0,0,0,0,0,0,0,1
1,http://www.fsagroind.com/Schwab_policy_update/login.php,fsagroind.com,-1,-1,-1,0,0,1,0,1,0,0,0,0,1
1,https://findmyphone-buscar.com/User/iP7,findmyphone-buscar.com,0,1,-1,0,0,0,0,0,1,0,0,0,0
0,https://www.gamesgrid.com/,gamesgrid.com,0,-1,0,0,0,0,0,0,0,0,0,0,0
0,https://www.unifiednetworksolutions.com/resources/blog/,unifiednetworksolutions.com,-1,1,1,0,0,0,0,0,0,0,0,0,1
1,http://content43532522.texservis.su/nextVRF.html?location=eab582f2a2b0f6c24f9528f6c3f5901e,content43532522.texservis.su,1,1,0,0,0,1,0,1,0,-1,0,1,0
1,https://bet.travel/wp-admin/Popularenlinea/Home.html,bet.travel,-1,0,1,0,0,0,0,0,0,0,0,0,1
1,https://smbc-card.com.joisom.com/suc.php,smbc-card.com.joisom.com,0,1,0,0,0,0,0,0,1,1,0,0,0
1,http://jptechdocsign.net/Order-2019/Order-2017/ExcelOnline-SBS.html,jptechdocsign.net,1,-1,1,0,0,1,0,1,0,0,0,1,0
1,https://drcarmenmora.com/doc/info/dam/index.html.........,drcarmenmora.com,-1,-1,1,0,0,0,0,0,0,0,0,0,0
1,https://payeeinfoalerted.com/lloyds/,payeeinfoalerted.com,0,1,-1,0,0,0,0,0,0,0,0,0,0
1,https://notifyfb-2am3335o6s.tv1space.az/connect.html?timelimit=9a51ded56334416f4c4b0b45fc2fd59c,notifyfb-2am3335o6s.tv1space.az,1,1,0,0,0,0,0,0,1,-1,0,1,0
0,https://www.guide.nl/service/,guide.nl,0,0,-1,0,0,0,0,0,0,0,0,0,1
0,https://www.trinitynetworx.com/office-365/,trinitynetworx.com,0,-1,-1,0,0,0,0,0,0,0,0,-1,1
0,https://www.slcearch.com/in-memoriam-al-efron/,slcearch.com,0,0,-1,0,0,0,0,0,0,0,0,0,1
0,https://www.flyymm.com/parking,flyymm.com,0,0,0,0,0,0,0,0,0,0,0,0,1
0,http://www.mylocker.net/my/shop/oratory-prep-booster-club/index.html,mylocker.net,1,0,1,0,0,1,0,1,0,0,0,0,0
1,https://www.kristallsolucoes.com.br/ResgatePontosEsferaJuridico/y8R2trhcso4bhWs0g3RJ/,kristallsolucoes.com.br,1,1,1,0,0,0,0,0,0,-1,0,1,1
1,https://danielguy6.wixsite.com/my-site,danielguy6.wixsite.com,0,1,0,0,0,0,0,0,0,-1,0,0,0
0,https://www.creowave.com/c-site-presentation/,creowave.com,0,0,-1,0,0,0,0,0,0,0,0,0,1
1,http://vedantinterior.in/didigoatwheal/auth/view/document,vedantinterior.in,-1,-1,1,0,0,1,0,1,0,0,0,0,0
1,http://sports.com-4daily.com/Shark-Brother-ED/Vialis.html?cep=jhf6q6sEDbbbUT6sZ9wgMSIMB6AxkMavuuiBV8Bn1XghH7KPt6fY4XI7HKrvFAWI68olXF3nnbpzQS-N1EZejGcS_3jfyYSa7UVb_R4GkcLuWIZ1pksc61cNbT_nPm79wWBcf7VUY8nOuwnKK0jrBZDe70KwW9rR_ndphdMM8efle3jwbk8VOS3ER7Aek3JRIdxCiUL_kj76B-zPbtiuOA-I3y7EkakggaNMjrBtKJOibRdrUWL7tyxpHLklhFbZrqqnnUnV3W3-lo6RJFQDDtcAre5npvMPDKp-BwexzKrr52Keb3Cci_PQl_pX1Vh02cIAt7CL_9Tfg36eT57b1DQgVUWW8X90HFeRgdqqgYqys14xhBMCI6-8LkCI10iP&amp;lptoken=15b596a231c570300404,sports.com-4daily.com,1,1,-1,0,0,1,0,1,1,-1,0,1,1
0,https://www.elhogarinc.org/feed/,elhogarinc.org,0,-1,-1,0,0,0,0,0,0,0,0,0,0
1,https://loojcc.com/ticker/,loojcc.com,0,0,-1,0,0,0,0,0,0,0,0,0,0
0,https://www.crescentboatclub.com/commodores-dinner-2018.html,crescentboatclub.com,-1,1,0,0,0,0,0,0,0,0,0,-1,0
1,https://www.itgifjdhegufehjzy.ml/CC_POSTALE/9a8e9/,itgifjdhegufehjzy.ml,-1,1,1,0,0,0,0,0,0,0,0,-1,0
1,http://minbluesky.com/pay/error,minbluesky.com,0,-1,-1,0,0,1,0,1,0,0,0,0,0
0,https://www.pan-it.at/it-sicherheit-datenschutz,pan-it.at,0,0,0,0,0,0,0,0,1,0,0,0,0
0,https://www.auburnhospital.org/comments/feed/,auburnhospital.org,0,-1,1,0,0,0,0,0,0,0,0,0,1
0,http://goo.gl/maps/8oz5a,goo.gl,0,1,-1,0,0,1,0,1,0,0,0,0,1
0,https://www.acirc.com.br/noticias:informativos-acirc,acirc.com.br,-1,0,0,0,0,0,0,0,0,-1,0,0,1
0,https://www.tektreker.com/index.html,tektreker.com,0,-1,0,0,0,0,0,0,0,0,0,0,1
0,https://www.ergon.nl/werkgevers/ergon-werkleerbedrijven,ergon.nl,-1,0,-1,0,0,0,0,0,0,0,0,0,1
1,http://www.dev.klinikmatanusantara.com/log-au/mpp/signin/6e9c/websrc,dev.klinikmatanusantara.com,1,1,1,0,0,1,0,1,0,-1,0,0,0
0,https://www.art-tec.co.jp/business/,art-tec.co.jp,0,-1,-1,0,0,0,0,0,1,-1,0,0,0
0,https://www.precisionsample.com/,precisionsample.com,0,1,0,0,0,0,0,0,0,0,0,0,1
1,https://180betper.blogspot.com/,180betper.blogspot.com,0,1,0,0,0,0,0,0,0,-1,0,-1,1
0,https://www.ndk-m.co.jp/equipment-assembly/,ndk-m.co.jp,0,0,-1,0,0,0,0,0,1,-1,0,0,1
1,http://mitreclub.in/-/chase/,mitreclub.in,0,0,1,0,0,1,0,1,0,0,0,0,0
0,https://www.r1group.it/,r1group.it,0,0,0,0,0,0,0,0,0,0,0,0,1
0,https://www.logicweb.com/ssl-certificates/,logicweb.com,0,0,-1,0,0,0,0,0,0,0,0,0,0
1,https://tinyurl.com/yxry9vf5,tinyurl.com,0,0,0,0,0,0,0,0,0,0,0,0,1
0,https://secure.collage.co/jobs/harbinger/18889,secure.collage.co,0,-1,1,0,0,0,0,0,0,-1,0,1,0
1,https://www.halloriau.com/auth,halloriau.com,0,-1,0,0,0,0,0,0,0,0,0,0,0
0,https://www.jedco.gov.jo/,jedco.gov.jo,0,0,0,0,0,0,0,0,0,-1,0,0,0
1,http://vb.biz.ua/eV,vb.biz.ua,0,0,0,0,0,1,0,1,0,-1,0,0,0
1,https://galianciasd.security00.repl.co,,0,-1,0,0,0,0,0,0,0,-1,0,0,0
0,https://www.partstat.com/case-studies/summary,partstat.com,0,0,-1,0,0,0,0,0,0,0,0,0,1
0,https://www.grymca.org/locations,grymca.org,0,0,0,0,0,0,0,0,0,0,0,0,1
0,https://www.greyston.org/impact-statistics,greyston.org,0,0,0,0,0,0,0,0,0,0,0,0,0
1,https://forms.office.com/Pages/ResponsePage.aspx?id=DQSIkWdsW0yxEjajBLZtrQAAAAAAAAAAAAN__iRYFuZURVNGMFBTVDZFMjFGUFhVWkM3RzZaR1JVNS4u,forms.office.com,1,-1,-1,0,0,0,0,0,0,-1,0,-1,1
1,https://blog.cellprofiler.org/192837560311ocKontaktiert3A2F2F2Fws2FISAPIdllFM2MContact26item3D14276952031426requested3Kundenservice-jf2ro2a5ifik952ir.rd.html,blog.cellprofiler.org,1,1,0,0,0,0,0,0,0,-1,0,1,1
1,http://tokendigital.segurazona-1bn.com/BNWeb/lnicio,tokendigital.segurazona-1bn.com,-1,1,-1,0,0,1,0,1,1,-1,0,0,0
1,https://messagerie-orange-vocal-20213.yolasite.com/,messagerie-orange-vocal-20213.yolasite.com,-1,1,0,0,0,0,0,0,1,-1,0,1,0
1,https://www.ballincollege.com/colis.php,ballincollege.com,0,-1,0,0,0,0,0,0,0,0,0,0,0
1,https://www.miolkoijhjhjhb.gq/CC_POSTALE/0591d,miolkoijhjhjhb.gq,0,-1,-1,0,0,0,0,0,0,0,0,-1,0
0,https://www.savoirfairecie.com/artists/club-cheval,savoirfairecie.com,-1,-1,-1,0,0,0,0,0,0,0,0,0,1
0,https://www.sreal.at/de/immo-live,sreal.at,0,0,-1,0,0,0,0,0,0,0,0,0,1
1,https://amazodikmoradi.com/amazkn/mazon/bb43e,amazodikmoradi.com,0,-1,1,0,0,0,0,0,0,0,0,0,0
1,https://oestemarine.com.br/wp-includes/std/templates/tekomsa/doMessagingLogin.htm,oestemarine.com.br,1,-1,1,0,0,0,0,0,0,-1,0,0,0
0,https://www.commonwealthfund.org/costs-and-spending,commonwealthfund.org,-1,1,0,0,0,0,0,0,0,0,0,0,0
0,https://www.people4.net/housing,people4.net,0,0,0,0,0,0,0,0,0,0,0,0,1
0,https://www.quailridgecc.com/,quailridgecc.com,0,-1,0,0,0,0,0,0,0,0,0,0,1
0,https://support.squarespace.com/hc/articles/205814418,support.squarespace.com,-1,1,1,0,0,0,0,0,0,-1,0,1,1
0,http://www.farben.com.br/trabalhe_conosco,farben.com.br,0,-1,0,0,0,1,0,1,0,-1,0,0,1
1,https://anazom.iwuwouye.buzz/pc/,anazom.iwuwouye.buzz,0,1,-1,0,0,0,0,0,0,-1,0,0,0
0,https://www.chghospitals.com/services/,chghospitals.com,0,-1,-1,0,0,0,0,0,0,0,0,0,0
1,https://www.secratafoyt.miami/orange/offre/,secratafoyt.miami,0,-1,1,0,0,0,0,0,0,0,0,0,0
0,https://www.vns.org/home-care-services,vns.org,0,0,0,0,0,0,0,0,0,0,0,0,1
1,https://messages-orange4.yolasite.com/,messages-orange4.yolasite.com,0,1,0,0,0,0,0,0,1,-1,0,0,0
0,https://www.silpada.com/customer-account/profile,silpada.com,0,0,-1,0,0,0,0,0,0,0,0,0,1
1,https://parceldespatch-fees.com/verifylogin.php?&amp;sessionid=$hash&amp;securessl=true,parceldespatch-fees.com,1,1,0,0,0,0,0,0,1,0,0,0,0
0,https://uploads-ssl.webflow.com/607d9ae590b1a751b6f9709b/608ad431ae63588384f4da5e_Telehandler_Grey.svg,uploads-ssl.webflow.com,1,1,-1,0,0,0,0,0,1,-1,0,1,0
1,https://olx.pl-livesdeal.shop/getpayment/payout/595155460,olx.pl-livesdeal.shop,-1,1,1,0,0,0,0,0,1,-1,0,1,0
0,https://www.g-o.be/,g-o.be,0,1,0,0,0,0,0,0,1,0,0,0,1
1,https://pitstopas.com/wet/wetransfer/?email=kristi@legalshield.com,pitstopas.com,1,-1,1,1,0,0,0,0,0,0,0,0,0
1,http://ht.ly/Yu3l30qydcX,ht.ly,0,1,0,0,0,1,0,1,0,0,0,-1,1
1,https://sikkertnabolag.dk/.well-known/pki-validation/0.php,sikkertnabolag.dk,-1,-1,1,0,0,0,0,0,0,0,0,0,0
1,https://nava.vn/doc/exex/index1.html,nava.vn,0,0,1,0,0,0,0,0,0,0,0,0,0
0,https://www.appliedi.net/,appliedi.net,0,0,0,0,0,0,0,0,0,0,0,0,0
1,https://sccrhwehklhsjdphwybgvapowe-dot-gl099898987fhkl.uk.r.appspot.com/,sccrhwehklhsjdphwybgvapowe-dot-gl099898987fhkl.uk.r.appspot.com,1,1,0,0,0,0,0,0,1,1,0,1,0
1,http://www.mabp.s-fr.net/20b9e,mabp.s-fr.net,0,-1,0,0,0,1,0,1,1,-1,0,-1,0
1,http://amazon.ugjsre.bar/signim/?openid_pape_max_auth_age=http:/specs.openid.net/auth/2.0/identifier&amp;openid_return_to=https:/www.amazon.co.jp/?ref_=nav_em_hd_re_signin&amp;openid.identity=_select&amp;openid.assoc_handle=jpflex&amp;openid.mode=checkid_setup&amp;key=a@b.c&amp;openid.claimed_id=http:/specs.openid.net/auth/2.0/identifier_select&amp;openid.ns=http:/specs.openid.net/auth/2.0&amp;ref_=nav_em_hd_clc_signin,amazon.ugjsre.bar,1,-1,1,1,0,1,0,1,0,-1,0,1,0
1,https://tse6l.csb.app/?64qKm6AR0kCFFlDJrt9bioYvwx0iOzYGuNaXm6ClllsphMBcH4rkxUeV62NkVHHSZm8sohWNc0FozF0TAa7TEMRlqP8CwBT6cvJ#,tse6l.csb.app,1,-1,0,0,0,0,0,0,0,-1,0,1,0
1,http://www.colorfastinv.com/wp-conxtent/pdfonline_vhsbdfbsn83823hjwfjsbnfm4849283nbnbjdbbbiowhjbhjbhsdjhdywgehshvbsbsbsn/,colorfastinv.com,1,-1,1,0,0,1,0,1,0,0,0,1,0
